DOISE231001,DNI001
DOISE231002,DNI002
DOISE231003,DNI003
DOISE231004,DNI004
DOISE231005,DNI005
DOISE231006,DNI006
DOISE231007,DNI007
DOISE231008,DNI008
DOISE231009,DNI009
DOISE231010,DNI010
DOISE231011,DNI011
DOISE231012,DNI012
DOISE231013,DNI013
DOISE231014,DNI014
DOISE231015,DNI015
DOISE231016,DNI016
DOISE231017,DNI017
DOISE231018,DNI018
DOISE231019,DNI019
DOISE231020,DNI020
DOISE231021,DNI021
DOISE231022,DNI022
DOISE231023,DNI023
DOISE231024,DNI024
DOISE231025,DNI025
DOISE231026,DNI026
DOISE231027,DNI027
DOISE231028,DNI028
DOISE231029,DNI029
DOISE231030,DNI030
DOISE231031,DNI031
DOISE231032,DNI032
DOISE231033,DNI033
DOISE231034,DNI034
DOISE231035,DNI035
DOISE231036,DNI036
DOISE231037,DNI037
DOISE231038,DNI038
DOISE231039,DNI039
DOISE231040,DNI040
DOISE231041,DNI041
DOISE231042,DNI042
DOISE231043,DNI043
DOISE231044,DNI044
DOISE231045,DNI045
DOISE231046,DNI046
DOISE231047,DNI047
DOISE231048,DNI048
DOISE231049,DNI049
DOISE231050,DNI050
DOISE231051,DNI051
DOISE231052,DNI052
DOISE231053,DNI053
DOISE231054,DNI054
DOISE231055,DNI055
DOISE231056,DNI056
DOISE231057,DNI057
DOISE231058,DNI058
DOISE231059,DNI059
DOISE231060,DNI060
DOISE231061,DNI061
DOISE231062,DNI062
DOISE231063,DNI063
DOISE231064,DNI064
DOISE231065,DNI065
DOISE231066,DNI066
DOISE231067,DNI067
DOISE231068,DNI068
DOISE231069,DNI069
DOISE231070,DNI070
DOISE231071,DNI071
DOISE231072,DNI072
DOISE231073,DNI073
DOISE231074,DNI074
DOISE231075,DNI075
DOISE231076,DNI076
DOISE231077,DNI077
DOISE231078,DNI078
DOISE231079,DNI079
DOISE231080,DNI080
DOISE231081,DNI081
DOISE231082,DNI082
DOISE231083,DNI083
DOISE231084,DNI084
DOISE231085,DNI085
DOISE231086,DNI086
DOISE231087,DNI087
DOISE231088,DNI088
DOISE231089,DNI089
DOISE231090,DNI090
DOISE231091,DNI091
DOISE231092,DNI092
DOISE231093,DNI093
DOISE231094,DNI094
DOISE231095,DNI095
DOISE231096,DNI096
DOISE231097,DNI097
DOISE231098,DNI098
DOISE231099,DNI099
DOISE231100,DNI100
DOISE231101,DNI101
DOISE231102,DNI102
DOISE231103,DNI103
DOISE231104,DNI104
DOISE231105,DNI105
DOISE231106,DNI106
DOISE231107,DNI107
DOISE231108,DNI108
DOISE231109,DNI109
DOISE231110,DNI110