DNI001,BD41113107829,BBI86S,Sohel,Male,+880-115-558-6625 
DNI002,BD42081059574,BBI86S,Sayed,Male,+880-195-557-0872 
DNI003,BD43660073421,BBI86S,arman,Male,+880-115-556-5939 
DNI004,BD44962621935,BBI86S,zawad,Male,+880-185-551-4915 
DNI005,BD45414497507,BBI87S,Ricky,Male,+880-115-551-8063 
DNI006,BD46220446439,BBI86S,Masum,Male,+880-115-558-9120 
DNI007,BD4735536036,BBI87S,Faiaz,Male, +880-185-558-2440 
DNI008,BD48180024579,BBI86S,salman,Male,+880-115-559-0601 
DNI009,BD49113107829,BBI87S,Sohel,Male,+880-115-558-6626
DNI010,BD50081059574,BBI86S,Sayed,Male,+880-195-557-0873
DNI011,BD51660073421,BBI87S,arman,Male,+880-115-556-5940
DNI012,BD52962621935,BBI86S,zawad,Male,+880-185-551-4916
DNI013,BD53414497507,BBI86S,Ricky,Male,+880-115-551-8064
DNI014,BD54220446439,BBI87S,Masum,Male,+880-115-558-9121
DNI015,BD5535536036,BBI86S,Faiaz,Male, +880-185-558-2441
DNI016,BD56180024579,BBI87S,salman,Male,+880-115-559-0602
DNI017,BD57113107829,BBI87S,Sohel,Male,+880-115-558-6627
DNI018,BD58081059574,BBI87S,Sayed,Male,+880-195-557-0874
DNI019,BD59660073421,BBI87S,arman,Male,+880-115-556-5941
DNI020,BD60962621935,BBI86S,zawad,Male,+880-185-551-4917
DNI021,BD61414497507,BBI86S,Ricky,Male,+880-115-551-8065
DNI022,BD62220446439,BBI86S,Masum,Male,+880-115-558-9122
DNI023,BD6335536036,BBI86S,Faiaz,Male,+880-185-558-2442
DNI024,BD64113107829,BBI86S,Sohel,Male,+880-115-558-6626
DNI025,BD65081059574,BBI86S,Sayed,Male,+880-195-557-0873
DNI026,BD66660073421,BBI87S,arman,Male,+880-115-556-5940
DNI027,BD67962621935,BBI86S,zawad,Male,+880-185-551-4916
DNI028,BD68414497507,BBI87S,Ricky,Male,+880-115-551-8064
DNI029,BD69220446439,BBI86S,Masum,Male,+880-115-558-9121
DNI030,BD7035536036,BBI87S,Faiaz,Male,+880-185-558-2441
DNI031,BD71180024579,BBI87S,salman,Male,+880-115-559-0602
DNI032,BD72113107829,BBI86S,Sohel,Male,+880-115-558-6627
DNI033,BD73081059574,BBI86S,Sayed,Male,+880-195-557-0874
DNI034,BD74660073421,BBI87S,arman,Male,+880-115-556-5941
DNI035,BD75962621935,BBI87S,zawad,Male ,+880-185-551-4917
DNI036,BD76414497507,BBI86S,Ricky,Male,+880-115-551-8065
DNI037,BD77220446439,BBI87S,Masum,Male,+880-115-558-9122
DNI038,BD7835536036,BBI86S,Faiaz,Male,+880-185-558-2442
DNI039,BD79180024579,BBI87S,salman,Male,+880-115-559-0603
DNI040,BD80113107829,BBI86S,Sohel,Male,+880-115-558-6628
DNI041,BD81081059574,BBI86S,Sayed,Male,+880-195-557-0875
DNI042,BD82660073421,BBI87S,arman,Male,+880-115-556-5942
DNI043,BD83962621935,BBI87S,zawad,Male,+880-185-551-4918
DNI044,BD84414497507,BBI87S,Ricky,Male,+880-115-551-8066
DNI045,BD85220446439,BBI87S,Masum,Male,+880-115-558-9123
DNI046,BD8635536036,BBI86S,Faiaz,Male,+880-185-558-2443
DNI047,BD87113107829,BBI87S,Sohel,Male,+880-115-558-6627
DNI048,BD88081059574,BBI86S,Sayed,Male,+880-195-557-0874
DNI049,BD89660073421,BBI87S,arman,Male,+880-115-556-5941
DNI050,BD90962621935,BBI86S,zawad,Male,+880-185-551-4917
DNI051,BD91414497507,BBI87S,Ricky,Male,+880-115-551-8065
DNI052,BD92220446439,BBI87S,Masum,Male,+880-115-558-9122
DNI053,BD9335536036,BBI86S,Faiaz,Male,+880-185-558-2442
DNI054,BD94180024579,BBI87S,salman,Male,+880-115-559-0603
DNI055,BD95113107829,BBI86S,Sohel,Male,+880-115-558-6628
DNI056,BD96081059574,BBI87S,Sayed,Male,+880-195-557-0875
DNI057,BD97660073421,BBI86S,arman,Male,+880-115-556-5942
DNI058,BD98962621935,BBI86S,zawad,Male,+880-185-551-4918
DNI059,BD99414497507,BBI87S,Ricky,Male,+880-115-551-8066
DNI060,BD100220446439,BBI86S,Masum,Male,+880-115-558-9123
DNI061,BD10135536036,BBI87S,Faiaz,Male,+880-185-558-2443
DNI062,BD102180024579,BBI86S,salman,Male,+880-115-559-0604
DNI063,BD103113107829,BBI87S,Sohel,Male,+880-115-558-6629
DNI064,BD104081059574,BBI87S,Sayed,Male,+880-195-557-0876
DNI065,BD105660073421,BBI86S,arman,Male,+880-115-556-5943
DNI066,BD106962621935,BBI87S,zawad,Male,+880-185-551-4919
DNI067,BD107414497507,BBI86S,Ricky,Male,+880-115-551-8067
DNI068,BD108220446439,BBI87S,Masum,Male,+880-115-558-9124
DNI069,BD10935536036,BBI86S,Faiaz,Male,+880-185-558-2444
DNI070,BD110113107829,BBI87S,Sohel,Male,+880-115-558-6628
DNI071,BD111081059574,BBI86S,Sayed,Male,+880-195-557-0875
DNI072,BD1112660073421,BBI87S,arman,Male,+880-115-556-5942
DNI073,BD113962621935,BBI87S,zawad,Male,+880-185-551-4918
DNI074,BD114414497507,BBI86S,Ricky,Male,+880-115-551-8066
DNI075,BD115220446439,BBI86S,Masum,Male,+880-115-558-9123
DNI076,BD11635536036,BBI86S,Faiaz,Male,+880-185-558-2443
DNI077,BD117180024579,BBI86S,salman,Male,+880-115-559-0604
DNI078,BD118113107829,BBI87S,Sohel,Male,+880-115-558-6629
DNI079,BD119081059574,BBI87S,Sayed,Male,+880-195-557-0876
DNI080,BD120660073421,BBI86S,arman,Male,+880-115-556-5943
DNI081,BD121962621935,BBI87S,zawad,Male,+880-185-551-4919
DNI082,BD122414497507,BBI86S,Ricky,Male,+880-115-551-8067
DNI083,BD123220446439,BBI86S,Masum,Male,+880-115-558-9124
DNI084,BD12435536036,BBI87S,Faiaz,Male,+880-185-558-2444
DNI085,BD125180024579,BBI86S,salman,Male,+880-115-559-0605
DNI086,BD126113107829,BBI86S,Sohel,Male,+880-115-558-6630
DNI087,BD127081059574,BBI87S,Sayed,Male,+880-195-557-0877
DNI088,BD128660073421,BBI86S,arman,Male,+880-115-556-5944
DNI089,BD129962621935,BBI87S,zawad,Male,+880-185-551-4920
DNI090,BD130414497507,BBI86S,Ricky,Male,+880-115-551-8068
DNI091,BD131220446439,BBI87S,Masum,Male,+880-115-558-9125
DNI092,BD13235536036,BBI86S,Faiaz,Male,+880-185-558-2445
DNI093,BD133113107829,BBI87S,Sohel,Male,+880-115-558-6629
DNI094,BD134081059574,BBI86S,Sayed,Male,+880-195-557-0876
DNI095,BD135660073421,BBI87S,Arman,Male,+880-115-556-5943
DNI096,BD136962621935,BBI86S,zawad,Male,+880-185-551-4919
DNI097,BD137414497507,BBI87S,Ricky,Male,+880-115-551-8067
DNI098,BD138220446439,BBI86S,Masum,Male,+880-115-558-9124
DNI099,BD13935536036,BBI86S,Faiaz,Male,+880-185-558-2444
DNI100,BD140180024579,BBI87S,salman,Male,+880-115-559-0605
DNI101,BD141113107829,BBI87S,Sohel,Male,+880-115-558-6630
DNI102,BD142081059574,BBI87S,Sayed,Male,+880-195-557-0877
DNI103,BD143660073421,BBI86S,arman,Male,+880-115-556-5944
DNI104,BD144962621935,BBI87S,zawad,Male,+880-185-551-4920
DNI105,BD145414497507,BBI86S,Ricky,Male,+880-115-551-8068
DNI106,BD146220446439,BBI86S,Masum,Male,+880-115-558-9125
DNI107,BD14735536036,BBI87S,Faiaz,Male,+880-185-558-2445
DNI108,BD148180024579,BBI86S,salman,Male,+880-115-559-0606
DNI109,BD149113107829,BBI87S,Sohel,Male,+880-115-558-6631
DNI110,BD150081059574,BBI86S,Sayed,Male ,+880-195-557-0878