STI001,BD1820402389,BBI86S,Ahnaf,Male,+880-195-554-2115
STI002,BD2084380797,BBI86S,sabbir,Male,+880-195-558-0264
STI003,BD3685178354,BBI86S,rafi,Male,+880-155-555-1929
STI004,BD4195222581,BBI86S,Anik,Male,+880-115-550-7353
STI005,BD5995264204,BBI86S,Fardin,Male,+880-115-556-2938
STI006,BD6396987643,BBI86S,Abir,Male,+880-115-554-1613
STI007,BD7381650785,BBI86S,munazza,Female,+880-175-558-1688
STI008,BD8338171718,BBI86S,Moon,Female,+880-195-554-9890
STI009,BD9345287522,BBI86S,fahmida,Female,+880-165-553-4719
STI010,BD10748236369,BBI86S,Rafsan,Female,+880-195-559-3784
STI011,BD11952726378,BBI86S,mahir,Male,+880-115-555-5647
STI012,BD1290010488,BBI86S,fahim,Male,+880-115-557-3766
STI013,BD1346191671,BBI86S,Atif,Male,+880-115-559-1728
STI014,BD14415988209,BBI86S,Shourav,Male,+880-115-555-9122
STI015,BD1570243766,BBI86S,Ashik,Male,+880-165-556-1023
STI016,BD16695398361,BBI86S,Barsha,Female,+880-115-557-7553
STI017,BD1731698057,BBI86S,Rifah,Female,+880-195-559-7654
STI018,BD18820844372,BBI86S,Bushra,Female,+880-155-552-7986
STI019,BD19635301502,BBI86S,Musarrat,Female,+880-155-558-5784
STI020,BD20592572415,BBI86S,Shabrina,Female,+880-115-558-9820 
STI021,BD21695638946,BBI86S,Luzain,Female,+880-115-559-6009  
STI022,BD22523227877,BBI86S,Oporajita,Female,+880-195-559-7654  
STI023,BD23525192913,BBI86S,Saliha,Female,+880-155-558-1054 
STI024,BD24894502046,BBI86S,eva,Female,+880-115-555-9122
STI025,BD25444857365,BBI86S,Bibha,Female,+880-115-552-4291
STI026,BD26565013916,BBI86S,Prottasha,Female,+880-195-556-1455
STI027,BD27869618408,BBI86S,Hridi,Female,+880-195-550-9017
STI028,BD28876823297,BBI86S,Naomi,Female,+880-115-557-9547 
STI029,BD29365171402,BBI86S,Rafia,Female,+880-115-555-0779
STI030,BD30384592528,BBI86S,Muntaha,Female,+880-115-553-5115
STI031,BD31330626138,BBI86S,Anuva,Female,+880-165-555-0405
STI032,BD32642030125,BBI86S,Sayeda,Female,+880-115-551-0902 
STI033,BD33362494223,BBI86S,Jennifer,Female,+880-195-557-9838
STI034,BD34537826502,BBI86S,Ishika,Female,+880-195-555-2296 
STI035,BD35729571898,BBI86S,Safina,Female,+880-195-554-2561 
STI036,BD36051659225,BBI86S,Farah,Female,+880-155-558-2729 
STI037,BD37764176549,BBI86S,Moriom,Female,+880-175-552-4387
STI038,BD38851967706,BBI86S,Hriddhi,Female,+880-195-559-5235 
STI039,BD39646286008,BBI86S,Sadiya,Female,+880-165-556-1605 
STI040,BD40224914104,BBI86S,Sumaiya,Female,+880-155-558-113